height,weight,age,sex,BMI
145,50,45,F,23.781212841854934
198,65,50,F,16.579940822365064
157,53,50,M,21.50188648626719
175,54,45,F,17.632653061224488
157,67,40,M,27.18163008641324
160,58,43,F,22.656249999999996
172,62,46,M,20.9572742022715
167,61,40,F,21.872422819032593
162,64,40,M,24.38652644413961
153,66,40,M,28.194284249647573
